JungÍe,Dec 26 2020 2:39 AM,Ashe,"
											Defeat									",1.00:1,"
					Ranked Solo
				",Fresh Tsunami,OrzeI,PlayingForFun2,stock boy,JungÍe,Ðefiled,Master Pubertice,T1 kye,blown out vagg,Dirty Larry,"
					","
				0
	","
					","
				0
	","
					","
				1
	","
					","
				3
	","
					","
				1
	","
					","
				10
	",23,45302,42,56320,25m 46s
JungÍe,Dec 26 2020 2:07 AM,Lulu,"
											Victory									",4.20:1,"
					Ranked Solo
				",SebastianuvK,Fist Me Hard,Undisclosure,stock boy,JungÍe,happ7810,blitzydaunicorn,Angry Soju,FIegi,Starzhang,"
					","
				1
	","
					","
				0
	","
					","
				2
	","
					","
				1
	","
					","
				10
	","
					","
				1
	",45,62357,24,47969,28m 39s
JungÍe,Dec 26 2020 1:32 AM,Pantheon,"
											Victory									",6.33:1,"
					Ranked Solo
				",Huai1B,Da Guo,Llamasforlife,stock boy,JungÍe,StainingSundew,Peerciężki,T Rex SMASH,Papa 911,Just Joshua,"
					","
				1
	","
					","
				0
	","
					","
				3
	","
					","
				1
	","
					","
				10
	","
					","
				2
	",37,51907,16,37520,23m 32s
JungÍe,Dec 26 2020 12:38 AM,Ashe,"
											Defeat									",Perfect,"
					Ranked Solo
				",Dunkin DaNoobs,zNamastez,Bleacheroni,Osang,JungÍe,DEATHman12345,el Café,Xillnoc,Damn Few,balloons ichiban,"
					","
				0
	","
					","
				0
	","
					","
				2
	","
					","
				1
	","
					","
				2
	","
					","
				3
	",22,38725,20,38020,22m 35s
JungÍe,Dec 25 2020 12:47 AM,Ashe,"
											Victory									",3.80:1,"
					Ranked Solo
				",ShinzoNinja,BattlePants192,FlightlessApe,stock boy,JungÍe,laptitesirène,notuzi02,youthfulstew,Aim4DaHead,BlackFire1919,"
					","
				2
	","
					","
				0
	","
					","
				2
	","
					","
				2
	","
					","
				9
	","
					","
				2
	",28,60198,19,50855,31m 26s
JungÍe,Dec 25 2020 12:11 AM,Ashe,"
											Defeat									",1.71:1,"
					Ranked Solo
				",denial 500,lkk215,NightTrain8,stock boy,JungÍe,ƒalseGöd,Global Homo,ggmasterhotshot,Upside Down Fron,COVID ChinaVirus,"
					","
				0
	","
					","
				0
	","
					","
				1
	","
					","
				2
	","
					","
				2
	","
					","
				5
	",29,47618,33,57025,27m 37s
JungÍe,Dec 24 2020 11:38 PM,Pantheon,"
											Defeat									",1.50:1,"
					Ranked Solo
				",ChinaKid X,Stutters,HolyGrudge,stock boy,JungÍe,TEHM KANCH,Veauxent,Lethalìty,Po1ar  Bear,Foreverimmense,"
					","
				0
	","
					","
				0
	","
					","
				1
	","
					","
				2
	","
					","
				2
	","
					","
				5
	",17,40297,32,52459,24m 31s
JungÍe,Dec 24 2020 11:08 PM,Ashe,"
											Victory									",9.00:1,"
					Ranked Solo
				",IClapBootyCheekz,casparwu,Poddly,stock boy,JungÍe,SevenSigma,babystitch puppy,Nobodyshero,Syllious,Gnarly man2,"
					","
				1
	","
					","
				0
	","
					","
				4
	","
					","
				0
	","
					","
				11
	","
					","
				1
	",50,60910,22,45035,26m 23s
JungÍe,Dec 23 2020 4:00 AM,Samira,"
											Victory									",11.00:1,"
					Bot
				",knitting måster,Slug1337,JungÍe,zNamastez,elsandwich,"
					","
				0
	","
					","
				0
	","
					","
				0
	","
					","
				0
	","
					","
				11
	","
					","
				0
	",47,43483,13,26379,19m 37s
JungÍe,Dec 23 2020 3:37 AM,Singed,"
											Victory									",1.88:1,"
					Bot
				",knitting måster,JungÍe,zNamastez,Tactical One,Holy Heretic,"
					","
				0
	","
					","
				0
	","
					","
				2
	","
					","
				0
	","
					","
				10
	","
					","
				0
	",60,50725,24,34513,21m 11s
JungÍe,Dec 23 2020 3:08 AM,Kalista,"
											Victory									",15.00:1,"
					Bot
				",cpvrks,nfpikxd,knitting måster,JungÍe,Frisbeehat,"
					","
				0
	","
					","
				0
	","
					","
				0
	","
					","
				0
	","
					","
				9
	","
					","
				0
	",35,34145,11,22700,18m 3s
JungÍe,Dec 23 2020 2:31 AM,Ashe,"
											Victory									",4.13:1,"
					Ranked Solo
				",EMPERORxyc,Shiina Nanoha,Neo Max Chaos,stock boy,JungÍe,fire12390,SumSaltyPasta,MABU MKII,FriendlyReformed,Aclusmychef,"
					","
				0
	","
					","
				2
	","
					","
				2
	","
					","
				5
	","
					","
				10
	","
					","
				4
	",61,98265,46,94668,50m 8s
JungÍe,Dec 22 2020 10:52 PM,Ashe,"
											Victory									",5.50:1,"
					Ranked Solo
				",ReDeadRedfield,CoconutSensation,IIISparksIIITTV,stock boy,JungÍe,ItalianRagazzo,MrWar123,IMakePorn ,peppaisc00l,Shank9,"
					","
				0
	","
					","
				0
	","
					","
				3
	","
					","
				0
	","
					","
				7
	","
					","
				0
	",29,51829,19,43126,27m 26s
JungÍe,Dec 22 2020 9:10 PM,Ashe,"
											Defeat									",1.43:1,"
					Ranked Solo
				",CreamOfYeet,kid ur bad,TribunalSuckMe,stock boy,JungÍe,jvxs,yaboymateo,CaptainReynolds,Agn1s,B0ING4924,"
					","
				0
	","
					","
				1
	","
					","
				1
	","
					","
				3
	","
					","
				3
	","
					","
				9
	",20,50622,36,59850,28m 58s
JungÍe,Dec 22 2020 8:35 PM,Ashe,"
											Victory									",6.67:1,"
					Ranked Solo
				",Joboom,mogNgJill,0 eztwijhin,stock boy,JungÍe,ArtOfAttrition,xCosmo22x,TheBlackKnightt,WrathPride,Hermonie,"
					","
				0
	","
					","
				0
	","
					","
				2
	","
					","
				1
	","
					","
				8
	","
					","
				1
	",27,53148,17,43621,28m 15s
JungÍe,Dec 22 2020 2:30 AM,Pantheon,"
											Defeat									",1.57:1,"
					Ranked Solo
				",PlzReportMyDuo,Flash Master ,PhoenixHellFall,stock boy,JungÍe,WOSHINIDIE000,Forrestokun,Brackk,jaydog12,SilverMidBoss,"
					","
				0
	","
					","
				1
	","
					","
				1
	","
					","
				2
	","
					","
				1
	","
					","
				6
	",25,45290,38,54189,27m 33s
JungÍe,Dec 22 2020 1:55 AM,Ashe,"
											Defeat									",1.40:1,"
					Ranked Solo
				",Wydorb,The Legend Momo,DeStruggleEzreal,stock boy,JungÍe,Tryndàmêrè,are you eigini,Komaryk,dandanopa,IDCletsjustwin,"
					","
				0
	","
					","
				0
	","
					","
				1
	","
					","
				1
	","
					","
				0
	","
					","
				10
	",8,31114,32,47681,21m 56s
JungÍe,Dec 22 2020 1:25 AM,Ashe,"
											Victory									",5.40:1,"
					Ranked Solo
				",Wayne0223,PiotrM8,XwinterfreshX,stock boy,JungÍe,Meta Kayncer,iFlawlessly,NoWillChill,ennerG,mperezjr6,"
					","
				2
	","
					","
				0
	","
					","
				3
	","
					","
				2
	","
					","
				11
	","
					","
				5
	",44,72571,38,67529,37m 52s
JungÍe,Dec 22 2020 12:43 AM,Lulu,"
											Victory									",33.00:1,"
					Ranked Solo
				",Bestgoplayer2,W0RLEYBIRD,Hide on Wishes,stock boy,JungÍe,F00P,TT Robin TT,MichaelNakamoto,lilwahwah,palidindanse,"
					","
				0
	","
					","
				0
	","
					","
				2
	","
					","
				0
	","
					","
				9
	","
					","
				0
	",47,50821,11,30096,21m 36s
JungÍe,Dec 22 2020 12:13 AM,Ashe,"
											Victory									",4.50:1,"
					Ranked Solo
				",Bestgoplayer2,BanhBaochien1234,Hide on Wishes,stock boy,JungÍe,Unravel Ghouls,xchru,Kweedun,Zambe,SecretGamerGirl,"
					","
				1
	","
					","
				0
	","
					","
				3
	","
					","
				1
	","
					","
				11
	","
					","
				1
	",23,52880,10,40447,29m 52s
JungÍe,Dec 21 2020 10:31 PM,Talon,"
											Victory									",1.17:1,"
					Bot
				",Mrmoliners94,knitting måster,VoidSpindle,Intphidel,JungÍe,"
					","
				0
	","
					","
				0
	","
					","
				1
	","
					","
				0
	","
					","
				11
	","
					","
				1
	",46,48005,25,34441,22m 12s
JungÍe,Dec 21 2020 10:04 PM,Xerath,"
											Victory									",4.67:1,"
					Bot
				",knitting måster,isoupyy,JungÍe,Icee Lemon,Fudgemonkey2468,"
					","
				0
	","
					","
				0
	","
					","
				0
	","
					","
				0
	","
					","
				10
	","
					","
				0
	",48,48283,24,39828,26m 10s
JungÍe,Dec 19 2020 3:28 PM,Akali,"
											Victory									",2.50:1,"
					Bot
				",knitting måster,GryVarg,çødê,tussinbobby,JungÍe,"
					","
				0
	","
					","
				0
	","
					","
				1
	","
					","
				0
	","
					","
				9
	","
					","
				0
	",29,33530,14,22584,15m 8s
JungÍe,Dec 19 2020 3:06 PM,Pantheon,"
											Victory									",5.00:1,"
					Bot
				",knitting måster,FyoZirus,JungÍe,LukySkillFaker,MrOmega,"
					","
				0
	","
					","
				0
	","
					","
				2
	","
					","
				0
	","
					","
				9
	","
					","
				1
	",48,42706,19,30411,20m 23s
JungÍe,Dec 18 2020 3:30 PM,Graves,"
											Victory									",12.00:1,"
					Bot
				",knitting måster,Trygantham,TrickAttack15,bcobb7,JungÍe,"
					","
				0
	","
					","
				0
	","
					","
				0
	","
					","
				0
	","
					","
				11
	","
					","
				0
	",30,38289,7,22088,20m 14s
JungÍe,Dec 18 2020 1:42 AM,Graves,"
											Defeat									",1.25:1,"
					Ranked Solo
				",zGenocidEz,JungÍe,stock boy,slice ur neck,Aunboy,Papá Piluxo,dsfbblvgu,Kraus87,yansicle,aspacecodyssey,"
					","
				0
	","
					","
				2
	","
					","
				1
	","
					","
				3
	","
					","
				4
	","
					","
				7
	",18,47575,35,55912,29m 8s
JungÍe,Dec 18 2020 1:06 AM,Kha'Zix,"
											Defeat									",2.33:1,"
					Ranked Solo
				",Tard Wrángler,JungÍe,stock boy,IISoundwaveII,very bad m0j0,Daboss19,Hi Im Sogu,Hi Im Jaw Kneee ,DopeMind,Sgt SmoothBrain,"
					","
				0
	","
					","
				1
	","
					","
				4
	","
					","
				2
	","
					","
				5
	","
					","
				9
	",30,66419,30,67464,37m 56s
JungÍe,Dec 16 2020 6:56 PM,Sett,"
											Victory									",5.75:1,"
					Normal
				",Murtagh201,bowel tie,dreambig0000,knitting måster,JungÍe,BlaackChris,Only1King1,imoutoparadise9,Sëlene,quelquefois7,"
					","
				1
	","
					","
				0
	","
					","
				0
	","
					","
				4
	","
					","
				8
	","
					","
				5
	",31,53826,32,49780,30m 27s
JungÍe,Dec 16 2020 6:20 PM,Garen,"
											Victory									",2.33:1,"
					Bot
				",knitting måster,DONBURl,FRICKINLUZER,JungÍe,TheBeastNo1,"
					","
				1
	","
					","
				0
	","
					","
				2
	","
					","
				0
	","
					","
				10
	","
					","
				3
	",39,54526,21,41817,28m 58s
JungÍe,Dec 16 2020 5:43 PM,Yuumi,"
											Victory									",2.00:1,"
					Bot
				",knitting måster,flowerjam8,xxpvpbeastxx,JungÍe,Eklar,"
					","
				0
	","
					","
				0
	","
					","
				2
	","
					","
				0
	","
					","
				10
	","
					","
				0
	",37,43585,15,29804,23m 46s
JungÍe,Dec 15 2020 10:13 PM,Jhin,"
											Victory									",Perfect,"
					Bot
				",knitting måster,BAC 38,Gibbaey,JungÍe,Mkay626,"
					","
				0
	","
					","
				0
	","
					","
				0
	","
					","
				0
	","
					","
				11
	","
					","
				1
	",24,33739,2,18820,16m 52s
JungÍe,Dec 15 2020 9:53 PM,Yasuo,"
											Defeat									",1.33:1,"
					ARAM
				",knitting måster,GettiOmega,zartiom828,DrDavidMiscavige,JungÍe,étoile éthéré,MotionHeat,thumbsuptoesdown,PhD in RolePlay,oRzykerzo,"
					","
				0
	","
					","
				0
	","
					","
				0
	","
					","
				0
	","
					","
				0
	","
					","
				3
	",15,34011,32,40770,10m 13s
JungÍe,Dec 15 2020 7:33 PM,Lulu,"
											Victory									",10.00:1,"
					Bot
				",knitting måster,TheProdigalFun,vPash,dredamexican,JungÍe,"
					","
				0
	","
					","
				0
	","
					","
				0
	","
					","
				0
	","
					","
				11
	","
					","
				0
	",46,44290,3,19446,20m 39s
JungÍe,Dec 15 2020 7:05 PM,Yasuo,"
											Victory									",5.50:1,"
					Bot
				",knitting måster,CongaLane,JungÍe,Corgieater,USful,"
					","
				0
	","
					","
				0
	","
					","
				0
	","
					","
				0
	","
					","
				9
	","
					","
				0
	",49,42064,8,20777,16m 56s
JungÍe,Dec 15 2020 6:45 PM,Sett,"
											Victory									",6.50:1,"
					Bot
				",knitting måster,MonsterMunch43,New Pl4y3rr,JungÍe,ako,"
					","
				0
	","
					","
				0
	","
					","
				0
	","
					","
				0
	","
					","
				11
	","
					","
				0
	",49,46096,16,31003,22m 41s
JungÍe,Dec 15 2020 6:18 PM,Blitzcrank,"
											Victory									",2.50:1,"
					Bot
				",knitting måster,Sczxkyio,JungÍe,Kri0s,Taunting1,"
					","
				0
	","
					","
				0
	","
					","
				1
	","
					","
				0
	","
					","
				11
	","
					","
				0
	",44,42496,9,24209,20m 53s
JungÍe,Nov 25 2020 4:48 AM,Vayne,"
											Defeat									",1.00:1,"
					Ranked Solo
				",EaZy HUN,approseea,stock boy,JungÍe,WildxAngel,Shizizou,5even,LordFarQUADDDD,Tapurdead,Laughman4,"
					","
				0
	","
					","
				1
	","
					","
				2
	","
					","
				3
	","
					","
				2
	","
					","
				9
	",24,52670,34,59118,32m 33s
JungÍe,Nov 25 2020 4:09 AM,Graves,"
											Defeat									",1.43:1,"
					Ranked Solo
				",UcanUupNocanNbb,JungÍe,KGOD Saddy,stock boy,Spolumbo,SpookySheet,MystoganF,Exalderan,Tapurdead,Laughman4,"
					","
				0
	","
					","
				2
	","
					","
				4
	","
					","
				0
	","
					","
				1
	","
					","
				9
	",26,53122,37,60271,28m 58s
JungÍe,Nov 25 2020 3:31 AM,Kha'Zix,"
											Victory									",6.17:1,"
					Ranked Solo
				",Bradley111,JungÍe,stock boy,AmandaRose320,Punished Haytin,killtime34,BlazeStreak,NoProblemStyle,Hurricane Skunk,CoolTone,"
					","
				1
	","
					","
				1
	","
					","
				5
	","
					","
				0
	","
					","
				11
	","
					","
				5
	",54,74303,36,66421,36m 4s
JungÍe,Nov 23 2020 1:39 AM,Graves,"
											Victory									",5.40:1,"
					Ranked Solo
				",All Line Lux,JungÍe,LiuHuLanPoPo,stock boy,JohnPiperr,Chodelngots,Aúm,Makers Society,Dude Ando,ILLBRO Bagginz,"
					","
				2
	","
					","
				0
	","
					","
				4
	","
					","
				1
	","
					","
				11
	","
					","
				2
	",57,75407,36,59157,34m 9s
JungÍe,Nov 23 2020 12:11 AM,Vayne,"
											Defeat									",2.00:1,"
					Ranked Solo
				",joytime,I Am Morgana,stock boy,JungÍe,Found 0ut Im Gay,Owlmilker,jiwow,smacdonalde,PH4RO,phipho12,"
					","
				0
	","
					","
				2
	","
					","
				1
	","
					","
				4
	","
					","
				3
	","
					","
				8
	",18,54746,34,60956,34m 43s
JungÍe,Nov 19 2020 1:55 AM,Rumble,"
											Victory									",4.50:1,"
					ARAM
				",live wild,CowBoy Jet Bebop,JeffallamA,JungÍe,Lîôn,Humbles,bestestnameever,MrSquidgy,SerDeath,DFWxUs,"
					","
				0
	","
					","
				0
	","
					","
				0
	","
					","
				0
	","
					","
				4
	","
					","
				1
	",48,71363,31,64576,20m 46s
JungÍe,Nov 19 2020 1:30 AM,Aatrox,"
											Victory									",4.14:1,"
					ARAM
				",JeffallamA,JungÍe,Brum,shinaikow,R0133R7,UrMomsLoverBoy,Juan On Juan,LemonyKisses,Wahkeen,Mophii,"
					","
				0
	","
					","
				0
	","
					","
				0
	","
					","
				0
	","
					","
				4
	","
					","
				4
	",49,75389,41,71403,22m 11s
JungÍe,Nov 19 2020 1:05 AM,Neeko,"
											Defeat									",1.57:1,"
					ARAM
				",Leagueaccount26 ,JeffallamA,JungÍe,KnowThatFeelBro,Gwynevere of Sun,epic19mz,coolero,Plagiarize,Fernando,Phrawstbyte,"
					","
				0
	","
					","
				0
	","
					","
				0
	","
					","
				0
	","
					","
				1
	","
					","
				4
	",24,43991,32,48399,13m 24s
JungÍe,Nov 13 2020 5:18 PM,Vayne,"
											Victory									",5.75:1,"
					Ranked Solo
				",Kalel13301,UncleAndy,stock boy,JungÍe,EggsAreNeat,TheBlindFenix,iBarbell,Nivu Nikonu,MvDz,Tuatara,"
					","
				1
	","
					","
				0
	","
					","
				3
	","
					","
				2
	","
					","
				10
	","
					","
				2
	",49,69482,27,57651,35m 42s
JungÍe,Nov 13 2020 4:37 PM,Vayne,"
											Victory									",3.60:1,"
					Ranked Solo
				",vbgnsxch,m1cropeen,stock boy,JungÍe,Zard Drake Fang,ToxAlone,Domanic,Ancros,Cronous,Listen to TWICE,"
					","
				1
	","
					","
				0
	","
					","
				4
	","
					","
				1
	","
					","
				9
	","
					","
				1
	",46,64475,18,46888,29m 27s
JungÍe,Nov 13 2020 4:00 PM,Yuumi,"
											Victory									",4.13:1,"
					Ranked Solo
				",Doctor Gorin,Biśóń,Professor Popoff,stock boy,JungÍe,TinyTuareg,fazedubs,Satturday,Bogleboy,Groovy Shrimp,"
					","
				1
	","
					","
				1
	","
					","
				4
	","
					","
				3
	","
					","
				11
	","
					","
				5
	",66,91439,56,88575,45m 28s
JungÍe,Nov 13 2020 3:09 PM,Lucian,"
											Defeat									",1.63:1,"
					Ranked Solo
				",br1singr101,Nech,stock boy,JungÍe,sandrocasamonica,Vega1228,Faded Yasuø,AgamiKarma3,Top Pleb MN,BigPapaBap,"
					","
				0
	","
					","
				1
	","
					","
				2
	","
					","
				2
	","
					","
				3
	","
					","
				9
	",30,55392,50,66511,30m 42s
JungÍe,Nov 11 2020 12:09 AM,Orianna,"
											Victory									",15.67:1,"
					ARAM
				",Eyes flashing,reginainlex,JungÍe,zNamastez,Esperity,nRaBGilbert,Commandre Hakusu,PortalScience,Finalriot,tehlemming,"
					","
				0
	","
					","
				0
	","
					","
				0
	","
					","
				0
	","
					","
				4
	","
					","
				1
	",50,74515,38,70231,24m 14s
JungÍe,Nov 10 2020 11:40 PM,Lulu,"
											Victory									",3.40:1,"
					ARAM
				",JungÍe,TimeBombTom12,zNamastez,Errabundus,Crimsonwulf,Wrong one,JessicaJade,snowcatz,Lady Kenna,Susâno,"
					","
				0
	","
					","
				0
	","
					","
				0
	","
					","
				0
	","
					","
				4
	","
					","
				1
	",29,48397,25,45553,14m 56s
JungÍe,Nov 10 2020 11:21 PM,Ashe,"
											Victory									",2.57:1,"
					Ranked Solo
				",TheGodLikeShadow,Precambrian,kill ekko,JungÍe,zNamastez,BK Swog,Professor VI,dahuwusong,t1 FAK3R,JermSpace64,"
					","
				2
	","
					","
				0
	","
					","
				6
	","
					","
				1
	","
					","
				10
	","
					","
				4
	",44,84363,32,73261,43m 23s
JungÍe,Nov 10 2020 1:32 AM,Lulu,"
											Defeat									",5.50:1,"
					Ranked Solo
				",RoyalSyn,ZeScientistBoss,Lvl 87 Magikarp,stock boy,JungÍe,Lol1995,AimlessRenegade,True Guardians,BFG Fox,BFG Cloudz,"
					","
				2
	","
					","
				1
	","
					","
				3
	","
					","
				5
	","
					","
				6
	","
					","
				9
	",70,90151,54,90635,47m 29s
JungÍe,Nov 10 2020 12:40 AM,Lulu,"
											Victory									",5.33:1,"
					Ranked Solo
				",choimakeschoice,Exotic Cameltoe,Vladdish,stock boy,JungÍe,ryabread,LFC HandxVale,LDJJ,DeathByZamboni,TwoTonePP,"
					","
				0
	","
					","
				0
	","
					","
				4
	","
					","
				0
	","
					","
				6
	","
					","
				0
	",32,47139,14,34449,23m 8s
JungÍe,Nov 10 2020 12:08 AM,Lulu,"
											Victory									",2.50:1,"
					Ranked Solo
				",SmileJoker0,Godheavel,Bayou47Bengal,stock boy,JungÍe,LiL Chow Mein,ShotoBro,Potato54,HappyBoostio,STEPBROTHERS1539,"
					","
				0
	","
					","
				0
	","
					","
				2
	","
					","
				2
	","
					","
				10
	","
					","
				1
	",26,50412,24,42713,26m 38s
JungÍe,Nov 9 2020 11:33 PM,Lulu,"
											Defeat									",2.00:1,"
					Ranked Solo
				",TheNutz, Lông Cu,FirstShallBeLast,stock boy,JungÍe,earthbounder055,brettchats,im just a boomer,bigpapapepperoni,ShynePhryne,"
					","
				1
	","
					","
				1
	","
					","
				1
	","
					","
				5
	","
					","
				4
	","
					","
				7
	",28,62490,45,70684,35m 7s
JungÍe,Nov 9 2020 3:24 AM,Lulu,"
											Defeat									",1.57:1,"
					Ranked Solo
				",Budruthaford,Spaceghoob,Arxyus,stock boy,JungÍe,Aheri16,AbominableRascal,Edcar,NA TagTeam,BigDaddyGreen,"
					","
				0
	","
					","
				1
	","
					","
				3
	","
					","
				2
	","
					","
				5
	","
					","
				11
	",44,71920,57,77159,38m 39s
JungÍe,Nov 9 2020 2:38 AM,Lulu,"
											Victory									",6.33:1,"
					Ranked Solo
				",Sociath Abaddon,Lee1881,Nopolo,stock boy,JungÍe,NWAatrox,Interfectum,Zenocider72,GLHFAllChatMuted,Toenail juice,"
					","
				2
	","
					","
				0
	","
					","
				1
	","
					","
				3
	","
					","
				8
	","
					","
				1
	",27,55491,10,44205,29m 35s
JungÍe,Nov 9 2020 2:03 AM,Orianna,"
											Defeat									",4.75:1,"
					Ranked Solo
				",GODisBASED,LegendaryAce,JungÍe,stock boy,NORMAN YU,UNB business,BasementPirate,Smart Boy Alan,ebgenigma,Yordle Whisperer,"
					","
				1
	","
					","
				0
	","
					","
				1
	","
					","
				3
	","
					","
				3
	","
					","
				8
	",30,59327,34,62744,33m 28s
JungÍe,Nov 9 2020 12:28 AM,Lulu,"
											Defeat									",3.44:1,"
					Ranked Solo
				",RattledBro,SmackDatAzz,KinticX,stock boy,JungÍe,doublecrosser,LeCompulsator,Bclshro Cpdbldy,BubaLay,Luciditycv,"
					","
				1
	","
					","
				1
	","
					","
				4
	","
					","
				2
	","
					","
				5
	","
					","
				8
	",55,74533,42,77060,37m 13s
JungÍe,Nov 8 2020 5:53 PM,Lulu,"
											Victory									",17.00:1,"
					Ranked Solo
				",Ayd3nC83,Poro Biscute,KJLMAO,DrSalamanderx,JungÍe,Nine Grand Dan,Trochez,ºNitsujº,oneshotone,Health Potion,"
					","
				0
	","
					","
				0
	","
					","
				3
	","
					","
				0
	","
					","
				5
	","
					","
				1
	",32,40165,10,32605,20m 10s
JungÍe,Nov 8 2020 5:28 PM,Lulu,"
											Victory									",Perfect,"
					Ranked Solo
				",Mïn,Poro Biscute,Makite,Divinekiwi,JungÍe,SkullEagle,Krâtos,Mbãppé,yeah ok dude,PunkRockGirl,"
					","
				0
	","
					","
				0
	","
					","
				1
	","
					","
				1
	","
					","
				3
	","
					","
				0
	",25,35088,7,22258,15m 55s
JungÍe,Nov 8 2020 5:08 PM,Lulu,"
											Victory									",5.40:1,"
					Ranked Solo
				",khoigiapro,Poro Biscute,Meo Con Di Lac ,Papa Cologne,JungÍe,etibougi,sk7gg,Jar Jar Reaper,TYLER STElNKAMP,Keda12,"
					","
				1
	","
					","
				0
	","
					","
				4
	","
					","
				0
	","
					","
				9
	","
					","
				0
	",45,58477,25,45257,27m 0s
JungÍe,Nov 8 2020 4:36 PM,Lulu,"
											Victory									",4.40:1,"
					Ranked Solo
				",VietRicee,Poro Biscute,LOVEZ 2 SPLOOGE,Reavity,JungÍe,Gréyscale,DCloman,infernogod11,pauliemayhem45,Lp Sempiternal,"
					","
				0
	","
					","
				0
	","
					","
				2
	","
					","
				0
	","
					","
				4
	","
					","
				0
	",34,39490,11,30842,18m 36s
JungÍe,Nov 8 2020 4:12 PM,Thresh,"
											Defeat									",3.00:1,"
					Ranked Solo
				",Poro Biscute,Crazieyboy15,BruteLee,StefanMikeHawk,JungÍe,mapletree Ivern,rlaalsdn,El Chooko,Pharoh203,Was That a Duck,"
					","
				1
	","
					","
				1
	","
					","
				2
	","
					","
				4
	","
					","
				4
	","
					","
				8
	",32,64286,41,72617,36m 12s
JungÍe,Nov 8 2020 3:28 PM,Lee Sin,"
											Defeat									",1.11:1,"
					Ranked Solo
				",Poro Biscute,JungÍe,unkown230498,Soy Sauce FTW,YEA PAPI,LuckFeague LOL,Venomlpx7,dbrukcyax,Semga,AngryShrimp,"
					","
				0
	","
					","
				1
	","
					","
				1
	","
					","
				4
	","
					","
				6
	","
					","
				10
	",27,58139,49,69046,36m 11s
JungÍe,Nov 7 2020 2:14 AM,Pyke,"
											Defeat									",2.92:1,"
					ARAM
				",Gray Zui Xiang,Saoyee,JungÍe,Xia0Xiao,zNamastez,GANYIWU,Avada KedavraX,Be Hümble,Dementorš Kiss,KurumiDHD,"
					","
				0
	","
					","
				0
	","
					","
				0
	","
					","
				0
	","
					","
				2
	","
					","
				4
	",67,85285,58,82765,26m 16s
JungÍe,Nov 7 2020 1:17 AM,Irelia,"
											Victory									",2.33:1,"
					Ranked Solo
				",JungÍe,doggos r good,Poro Biscute,Maraline,FearProNinja,Mrs Limp 47,ijsGv,ToxicHavoc17,LAVA FOUNTAlN,ChipOoo,"
					","
				0
	","
					","
				0
	","
					","
				2
	","
					","
				1
	","
					","
				10
	","
					","
				0
	",39,49114,10,27983,21m 1s
JungÍe,Nov 7 2020 12:50 AM,Lucian,"
											Defeat									",1.67:1,"
					Ranked Solo
				",JungÍe,HT1ge,Poro Biscute,Drippy Pippy,THalligan,DysonDCI,Emmusing,Shewibi,crinkles,cyú,"
					","
				1
	","
					","
				1
	","
					","
				2
	","
					","
				4
	","
					","
				4
	","
					","
				10
	",30,63924,36,68773,36m 30s
JungÍe,Nov 7 2020 12:02 AM,Elise,"
											Victory									",4.50:1,"
					Ranked Solo
				",Hail of Hammers,JungÍe,Poro Biscute,Dioo,Pele,XXXXXL DiLD0,SeeMyDForComfort,Happy dog UZI,PicklePickle,Bubbeuy,"
					","
				1
	","
					","
				0
	","
					","
				3
	","
					","
				1
	","
					","
				11
	","
					","
				4
	",37,57235,21,52439,29m 7s
JungÍe,Nov 6 2020 11:23 PM,Elise,"
											Victory									",25.00:1,"
					Ranked Solo
				",Poro Biscute,JungÍe,Pvt Poncho,Euro Crem,Bumnabox,godofdragon,13Iessed,KittensMcMittens,hi im pogi,SkaiaAzure,"
					","
				1
	","
					","
				0
	","
					","
				3
	","
					","
				0
	","
					","
				11
	","
					","
				1
	",38,50493,6,34673,24m 38s
JungÍe,Nov 6 2020 10:51 PM,Elise,"
											Victory									",5.00:1,"
					Ranked Solo
				",Poro Biscute,JungÍe,Tisamenus,Im INVINCII3LE,sdaniels009,JReKs,Bumcrease,Start It Up,Dystrophy,Searin,"
					","
				0
	","
					","
				0
	","
					","
				2
	","
					","
				0
	","
					","
				3
	","
					","
				0
	",21,29955,3,19545,15m 15s
JungÍe,Nov 6 2020 1:10 AM,Talon,"
											Defeat									",4.57:1,"
					ARAM
				",AramSticksBot,JungÍe,zNamastez,DaraDef,Prince Persia,TheDummies,masterlxx,yzhLOL,Plzdonteatme77,Depeche Mode,"
					","
				0
	","
					","
				0
	","
					","
				0
	","
					","
				0
	","
					","
				2
	","
					","
				4
	",43,67592,43,67931,21m 43s
JungÍe,Nov 6 2020 12:45 AM,Orianna,"
											Victory									",3.78:1,"
					ARAM
				",SoulSheperdHero,JungÍe,zNamastez,grandmachuckles,Dildozer3800,Sa Si Gei,Ace8889,Misaya Night,Anime Schoolgirl, Pęaceminusone,"
					","
				0
	","
					","
				0
	","
					","
				0
	","
					","
				0
	","
					","
				4
	","
					","
				1
	",52,70181,50,68433,22m 21s
JungÍe,Nov 6 2020 12:19 AM,Zilean,"
											Victory									",4.60:1,"
					Normal
				",seafishy,baconstrips17,DangerMan25,zNamastez,JungÍe,Aketcha,Hval,Mullato,MrMungf,Shoe17,"
					","
				0
	","
					","
				0
	","
					","
				3
	","
					","
				1
	","
					","
				11
	","
					","
				1
	",47,63313,21,55709,32m 34s
JungÍe,Nov 3 2020 12:46 AM,Yuumi,"
											Defeat									",7.29:1,"
					ARAM
				",JungÍe,TheDokimonMaster,zzp757,zNamastez,Demo9212,Ayè,JungleJuicez,Fyth,Zhaolute,Willielynx,"
					","
				0
	","
					","
				0
	","
					","
				0
	","
					","
				0
	","
					","
				3
	","
					","
				4
	",56,81052,55,81690,26m 4s
JungÍe,Nov 3 2020 12:18 AM,Vayne,"
											Victory									",3.31:1,"
					ARAM
				",SCIIZest,JungÍe,zNamastez,handsomeNICK,Vickivicious,zhdhshc,Whosyourdady213,athenasz1996,BarrydiaoRR,Cheeks,"
					","
				0
	","
					","
				0
	","
					","
				0
	","
					","
				0
	","
					","
				1
	","
					","
				3
	",61,66844,55,68708,21m 4s
JungÍe,Nov 2 2020 11:54 PM,Bard,"
											Defeat									",6.43:1,"
					ARAM
				",JungÍe,zNamastez,handsomeNICK,BCBOOLIN,Vickivicious,LuxinBerg,Scandals,ZiNgYiSh,dumamayyyyy,THANK YOU SIR,"
					","
				0
	","
					","
				0
	","
					","
				0
	","
					","
				0
	","
					","
				2
	","
					","
				4
	",63,107676,58,112121,37m 12s
JungÍe,Oct 31 2020 12:34 AM,Kalista,"
											Defeat									",1.00:1,"
					Ranked Solo
				",JungÍe,birdman1224,Blade Danc3r,iHHarvey,Dracosword95,Hydraphillic,jvcristiano,twoskar,AntlionCA,chianchian,"
					","
				0
	","
					","
				1
	","
					","
				0
	","
					","
				3
	","
					","
				0
	","
					","
				11
	",8,32554,23,48316,23m 26s
JungÍe,Oct 31 2020 12:04 AM,Elise,"
											Defeat									",4.50:1,"
					Ranked Solo
				",Monodrama  J ,JungÍe,Dhocko,LaJoya10,1kill0wins,Edge Kyomori,TheTokenBlackGuy,xYokai,Exxcalibur,baabuui,"
					","
				0
	","
					","
				1
	","
					","
				1
	","
					","
				3
	","
					","
				2
	","
					","
				7
	",24,45140,32,51862,26m 26s
JungÍe,Oct 30 2020 9:20 PM,Lucian,"
											Victory									",2.00:1,"
					Ranked Solo
				",JungÍe,Pyro Ape,C0CK WRANGLER 99,xsinslayerx,Trekslicer195,Eederi,BruddaBacon,ZawZaw61z,JudgePuddles,TheGigaCat,"
					","
				0
	","
					","
				0
	","
					","
				3
	","
					","
				0
	","
					","
				9
	","
					","
				0
	",17,40409,5,28495,20m 34s
JungÍe,Oct 30 2020 8:54 PM,Lillia,"
											Defeat									",2.00:1,"
					URF
				",JungÍe,mishmish98,STEVEEENNN,leenaleel33,C0MMIBOB,keevsocute,TequilaNilla,Pathixx,Dance of BIades,a buddhist monky,"
					","
				0
	","
					","
				0
	","
					","
				0
	","
					","
				1
	","
					","
				0
	","
					","
				4
	",28,45374,36,56512,13m 27s
JungÍe,Oct 26 2020 1:32 AM,Lucian,"
											Victory									",3.00:1,"
					Flex 5:5 Rank
				","
															Level 122
													",Vagpainting,booky chan,Cereal Guy,JungÍe,zNamastez,CCOVIDD 19,yeaboy238,ion boii,power barb 69,MartyUngus,"
					","
				0
	","
					","
				0
	","
					","
				2
	","
					","
				1
	","
					","
				5
	","
					","
				1
	",22,40152,12,34429,22m 43s
JungÍe,Oct 26 2020 1:03 AM,Singed,"
											Victory									",1.80:1,"
					Flex 5:5 Rank
				","
															Level 122
													",JungÍe,TanMan0o,NutcrackYou,RkmSkmRobots,zNamastez,Bhakti Yogi,THC Deshiznit,lumanzana,GatoConConverse,Qu4trO,"
					","
				1
	","
					","
				0
	","
					","
				4
	","
					","
				0
	","
					","
				11
	","
					","
				0
	",31,59563,11,45007,31m 39s
JungÍe,Oct 26 2020 12:24 AM,Evelynn,"
											Defeat									",2.29:1,"
					ARAM
				",JungÍe,dOKIdOKIsensei,forjolly,zNamastez,Bigdaddyliu,leChiix,Letoady,NoMoreHero051,Chronostorm9,DarkEpyon117,"
					","
				0
	","
					","
				0
	","
					","
				0
	","
					","
				0
	","
					","
				0
	","
					","
				4
	",26,46496,30,51607,16m 28s
JungÍe,Oct 26 2020 12:05 AM,Ryze,"
											Victory									",2.86:1,"
					ARAM
				",JungÍe,Weniswrinkle,Not Sly,zNamastez,peposman,XDIDI,BoboboAnn,derderstar,BaoJiang,Ashinieee,"
					","
				0
	","
					","
				0
	","
					","
				0
	","
					","
				0
	","
					","
				3
	","
					","
				1
	",48,57217,32,53722,17m 34s
JungÍe,Oct 17 2020 2:10 AM,Camille,"
											Victory									",1.60:1,"
					ARAM
				",DuckCaptain,JungÍe,Lucky666,IceFire288,zNamastez,Thebritishkid,Startled Goblin,Super Duper Mart,The Sun Deity,Lazy Fairy,"
					","
				0
	","
					","
				0
	","
					","
				0
	","
					","
				0
	","
					","
				4
	","
					","
				1
	",47,75824,49,75529,25m 30s
JungÍe,Oct 17 2020 1:42 AM,Miss Fortune,"
											Defeat									",3.00:1,"
					ARAM
				",JungÍe,Mill3rtim3,Lucky666,Tristan Q,zNamastez,DuckCaptain,MTH arcteryx,ZOELZM,IceFire288,Sh4dowFiend,"
					","
				0
	","
					","
				0
	","
					","
				0
	","
					","
				0
	","
					","
				1
	","
					","
				4
	",40,60579,54,64856,20m 10s
JungÍe,Oct 17 2020 1:19 AM,Yasuo,"
											Defeat									",2.00:1,"
					ARAM
				",PopPopz,JungÍe,Feril11,zNamastez,Smegtastic,ElmentCatsickle,Mich1234,flyingknight16,Kirbycider,didi2you,"
					","
				0
	","
					","
				0
	","
					","
				0
	","
					","
				0
	","
					","
				0
	","
					","
				4
	",28,41199,42,47367,13m 13s
JungÍe,Oct 12 2020 3:06 AM,Lillia,"
											Victory									",3.58:1,"
					ARAM
				",91 Mr Wu,HughesLiu,JungÍe,P0rnstar Nidalee,zNamastez,ABGinTraining,SigBombrero,BigBrainz,DavidIsCookies,Sypos,"
					","
				0
	","
					","
				0
	","
					","
				0
	","
					","
				0
	","
					","
				4
	","
					","
				1
	",77,92075,59,87454,29m 25s
JungÍe,Oct 12 2020 2:32 AM,Irelia,"
											Victory									",8.00:1,"
					ARAM
				",JungÍe,zNamastez,DylRob,Bogiggles,otezS,Snitchyboi11,iElyse,Saucy Memer,Hero00000,Cousland,"
					","
				0
	","
					","
				0
	","
					","
				0
	","
					","
				0
	","
					","
				4
	","
					","
				0
	",43,53415,22,45479,16m 35s
JungÍe,Oct 12 2020 2:08 AM,Draven,"
											Victory									",1.62:1,"
					ARAM
				",JungÍe,HomeSliceBacon,zNamastez,RichardNubbler,Minimagikman,Edvin,circusace,SCGenX,Kokaneee,CryMoreLittleBb,"
					","
				0
	","
					","
				0
	","
					","
				0
	","
					","
				0
	","
					","
				4
	","
					","
				2
	",46,90372,59,87961,29m 50s
JungÍe,Oct 11 2020 12:38 AM,Ezreal,"
											Victory									",5.00:1,"
					Ranked Solo
				",hide on sink,Aybomb,Slothed,JungÍe,zNamastez,FleshySkeleton,autistlolplayers,zeddex9,CaroI From HR,AriaSC,"
					","
				1
	","
					","
				0
	","
					","
				4
	","
					","
				1
	","
					","
				11
	","
					","
				4
	",36,62629,23,54502,31m 27s
JungÍe,Oct 5 2020 10:35 PM,Kai'Sa,"
											Defeat									",2.50:1,"
					Ranked Solo
				",Kaw3cki,Chimik,acooperboss2,JungÍe,SlickLightSkin,ZoloJ,DRRRRRUNKSLLLUT,mingmice,Poptional,Grirn,"
					","
				0
	","
					","
				1
	","
					","
				2
	","
					","
				3
	","
					","
				4
	","
					","
				9
	",21,54546,31,61192,32m 4s
JungÍe,Oct 5 2020 8:40 PM,Kha'Zix,"
											Defeat									",1.56:1,"
					URF
				",RightToBearArms,JungÍe,forsakenleader,GayLordqueef69,Alain98,Spankeeez,Fullmetal Heart,China h8 muslims,fivesix6,MRAnder,"
					","
				0
	","
					","
				2
	","
					","
				0
	","
					","
				4
	","
					","
				6
	","
					","
				10
	",65,90525,61,97205,22m 36s
JungÍe,Oct 3 2020 11:40 PM,Fizz,"
											Defeat									",3.11:1,"
					URF
				",frialdad,PeachDuo,JungÍe,dadfrial,DUODUODINGguagua,SemestreNew,Gary0493,Be My Dog,BINGBIAN,Color Soul,"
					","
				0
	","
					","
				0
	","
					","
				1
	","
					","
				2
	","
					","
				5
	","
					","
				10
	",57,69330,33,68314,16m 28s
JungÍe,Oct 3 2020 11:20 PM,Shaco,"
											Defeat									",2.10:1,"
					URF
				",Jamaican Boi,JungÍe,KnightsWhoSayNee,Fillyfilly,tillimdead,Rína,Humberto,Maaverick,TiltedTallz,Robert,"
					","
				1
	","
					","
				0
	","
					","
				2
	","
					","
				4
	","
					","
				2
	","
					","
				11
	",66,85986,63,93218,22m 7s
JungÍe,Oct 3 2020 10:55 PM,Nocturne,"
											Defeat									",0.63:1,"
					URF
				",B1Highflash,JungÍe,19941024CSJ,DllllllD3,Ben Gor5,Not Reflex,Bring It In Ese,JohnnyOneAndOnly,Bring It In Gurl,LordTibarn,"
					","
				0
	","
					","
				0
	","
					","
				2
	","
					","
				0
	","
					","
				3
	","
					","
				3
	",28,44199,51,54648,11m 8s
JungÍe,Oct 3 2020 1:30 AM,Kha'Zix,"
											Defeat									",4.33:1,"
					ARAM
				",notanotherpyro,JungÍe,zNamastez,tofu turtles,Noctes,rule one,Smaug2324,erickkrocker,ChipChimp,Bloodpalms,"
					","
				0
	","
					","
				0
	","
					","
				0
	","
					","
				0
	","
					","
				1
	","
					","
				4
	",53,71469,58,73633,23m 30s
JungÍe,Oct 3 2020 1:05 AM,Jax,"
											Victory									",1.23:1,"
					ARAM
				",K0DEINE BRYANT,sixalex,JungÍe,prebilstatus,zNamastez,sleep talking7,xCherryFilterx,ImSoConfusedAhhh,MrNormal,Blumoonumbreon,"
					","
				0
	","
					","
				0
	","
					","
				0
	","
					","
				0
	","
					","
				4
	","
					","
				2
	",46,63039,52,60597,19m 17s
JungÍe,Oct 3 2020 12:41 AM,Yuumi,"
											Victory									",3.00:1,"
					URF
				",The Fake King,Aviiana ,JungÍe,TheRichPikachu,zNamastez,DevontéTheCrock,Duuuuuudeeee,Nohom,Annihilism,Wapeche,"
					","
				1
	","
					","
				0
	","
					","
				2
	","
					","
				1
	","
					","
				7
	","
					","
				7
	",41,76848,60,78031,19m 27s
JungÍe,Oct 3 2020 12:17 AM,Lulu,"
											Defeat									",1.23:1,"
					URF
				",Ávíra,tibbers is thick,JungÍe,zNamastez,igenani,Ko Pani TaE,MeckyD,NavetFris,Korito,SamPrice,"
					","
				0
	","
					","
				1
	","
					","
				1
	","
					","
				3
	","
					","
				7
	","
					","
				7
	",32,77755,49,83058,21m 56s
JungÍe,Oct 2 2020 11:51 PM,Lulu,"
											Defeat									",2.44:1,"
					URF
				",MaKKabbaka,RichardLicker420,Sucola,JungÍe,KelAose,nihewdas,Fellow Chicken,Bardwads,LovEtheBrawler,TinyTAN,"
					","
				0
	","
					","
				1
	","
					","
				1
	","
					","
				3
	","
					","
				1
	","
					","
				11
	",44,68266,65,78602,16m 32s
JungÍe,Oct 2 2020 11:32 PM,Kassadin,"
											Victory									",1.00:1,"
					URF
				",NoobsUprising,Skidlez,KamiKami Sama,JungÍe,Singular Melon,Hedgey,Aquatic Lazuli,S L I M D A W G,Valkyrie Cain,parrley sheen,"
					","
				1
	","
					","
				0
	","
					","
				2
	","
					","
				0
	","
					","
				9
	","
					","
				2
	",36,56314,34,52301,13m 2s
JungÍe,Oct 2 2020 11:14 PM,Samira,"
											Defeat									",0.69:1,"
					URF
				",Sir Derpy,JungÍe,Lady Derpy,PatPatasaur,Resineck85,ScoopityPooop,Emily668668,SisiVin,Sky gor,Cake Management,"
					","
				0
	","
					","
				1
	","
					","
				0
	","
					","
				2
	","
					","
				0
	","
					","
				8
	",26,51614,56,68882,14m 24s
JungÍe,Oct 2 2020 3:04 AM,Xayah,"
											Victory									",2.33:1,"
					ARAM
				",JungÍe,TheClayKnight,zNamastez,Rompot,RobbyTheChode,Toxic Smokes,DarlingKatarina,Hustler Magazine,i suppOwOt chUwU,Janglo,"
					","
				0
	","
					","
				0
	","
					","
				0
	","
					","
				0
	","
					","
				4
	","
					","
				0
	",66,87222,55,84430,28m 42s
JungÍe,Oct 2 2020 2:32 AM,Ekko,"
											Defeat									",3.93:1,"
					ARAM
				",JungÍe,GotTanged,TitanTidus,zNamastez,Munjul,Frimdark,Nheat,Little Toaster,Elyx,Tsukinotensai,"
					","
				0
	","
					","
				0
	","
					","
				0
	","
					","
				0
	","
					","
				2
	","
					","
				4
	",70,83416,58,85130,27m 10s
JungÍe,Oct 2 2020 2:03 AM,Jhin,"
											Victory									",5.14:1,"
					ARAM
				",Gwlsln,Kisseru,JungÍe,zNamastez,AbsoluteSymmetry,Suspicious Crab,ryanizboss,ousted,DonkeyKongShlong,BrofessorBroak,"
					","
				0
	","
					","
				0
	","
					","
				0
	","
					","
				0
	","
					","
				4
	","
					","
				1
	",52,60788,30,52971,18m 33s
JungÍe,Oct 2 2020 1:39 AM,Vladimir,"
											Victory									",5.38:1,"
					ARAM
				",zR Semaj,JungÍe,Thermalisation,zNamastez,godmilk,Acy0,nogender,gooblyeyes,VyVee,XinamarXIII,"
					","
				0
	","
					","
				0
	","
					","
				0
	","
					","
				0
	","
					","
				4
	","
					","
				1
	",69,82058,52,77589,26m 9s
JungÍe,Oct 2 2020 1:08 AM,Jayce,"
											Victory									",4.40:1,"
					ARAM
				",JungÍe,zNamastez,The Acolyte,Elf Jesus,Notebook,Lord of Chaos316,RedHood305,ifreet777,LadyMermaid,TreeFrog2011,"
					","
				0
	","
					","
				0
	","
					","
				0
	","
					","
				0
	","
					","
				4
	","
					","
				2
	",57,67418,52,64905,20m 11s
JungÍe,Oct 1 2020 1:12 AM,Sona,"
											Defeat									",2.10:1,"
					ARAM
				",xCherryFilterx,JungÍe,RX 0 Jakos ,zNamastez,hangeulman,AaRIRI,Sir Kam of Lott,Eyedole,BecomeRookie,Giearth,"
					","
				0
	","
					","
				0
	","
					","
				0
	","
					","
				0
	","
					","
				0
	","
					","
				4
	",25,44375,47,51935,14m 43s
JungÍe,Oct 1 2020 12:54 AM,Zed,"
											Defeat									",1.77:1,"
					ARAM
				",JungÍe,Aetym,zNamastez,The Mighty Orion,Gank n BUKKAKE,LMF35,shmorf,Dyr is back,DylanQ fanboy,MikeTheTwin,"
					","
				0
	","
					","
				0
	","
					","
				0
	","
					","
				0
	","
					","
				2
	","
					","
				4
	",39,59704,44,61412,19m 14s
JungÍe,Oct 1 2020 12:31 AM,Twitch,"
											Defeat									",3.50:1,"
					ARAM
				",pentallkill,JungÍe,zNamastez,Blow My Load,Gank n BUKKAKE,billabongshorts,biggestbody,Timothyr,ZBeaMeR,What the Lump,"
					","
				0
	","
					","
				0
	","
					","
				0
	","
					","
				0
	","
					","
				1
	","
					","
				4
	",36,61617,27,64271,21m 57s
JungÍe,Sep 30 2020 11:57 PM,Lucian,"
											Victory									",5.33:1,"
					ARAM
				",TheRealMingster,ÄIexsJessie,JungÍe,ÄIex,zNamastez,Bronzce V,Erickachu,Tsunå,Hotspotz,IAMN00B,"
					","
				0
	","
					","
				0
	","
					","
				0
	","
					","
				0
	","
					","
				4
	","
					","
				1
	",74,66698,35,60935,19m 35s
JungÍe,Sep 30 2020 11:34 PM,Blitzcrank,"
											Victory									",5.00:1,"
					ARAM
				",Lerusty,JungÍe,darkenair,Monicat,zNamastez,caposensei,HipsterGod,The1ThiefTTV,Lyam PR,Strager,"
					","
				0
	","
					","
				0
	","
					","
				0
	","
					","
				0
	","
					","
				4
	","
					","
				1
	",46,73675,34,68313,24m 22s
JungÍe,Sep 29 2020 10:58 PM,Ezreal,"
											Defeat									",2.00:1,"
					Ranked Solo
				",XxspacePoTOto,tyz233333,Genji God,JungÍe,zNamastez,ScrubIord69,ForPride,StopIntingPlsBot,MistahD4,PlumpyOne,"
					","
				0
	","
					","
				1
	","
					","
				1
	","
					","
				3
	","
					","
				3
	","
					","
				10
	",33,53826,40,60085,28m 43s
JungÍe,Sep 29 2020 10:01 PM,Twitch,"
											Defeat									",3.89:1,"
					ARAM
				",A High Elo Yasuo,JungÍe,zNamastez,Spreading Cheese,S0rry I just,epicderpysquid,cringes,selimas,lilKrieger,Weenielobster,"
					","
				0
	","
					","
				0
	","
					","
				0
	","
					","
				0
	","
					","
				4
	","
					","
				4
	",56,82509,54,79836,25m 40s
JungÍe,Sep 28 2020 10:04 PM,Kai'Sa,"
											Defeat									",1.20:1,"
					Ranked Solo
				",Horny Animal,N0b0dy43,Kareemh,JungÍe,zNamastez,Dragons Order 3,Nerdlisch,betrayal933,south florida,Azuracoon,"
					","
				0
	","
					","
				0
	","
					","
				2
	","
					","
				2
	","
					","
				1
	","
					","
				11
	",27,51150,40,60711,28m 41s
JungÍe,Sep 28 2020 9:28 PM,Kai'Sa,"
											Victory									",4.50:1,"
					Ranked Solo
				",hypercomplexx,Sneakysprimo,crippled phantom,JungÍe,zNamastez,Benny Hodge,NuclearRavageX,duck crazy KING,PolarBearJumper,RedRiser,"
					","
				0
	","
					","
				0
	","
					","
				3
	","
					","
				0
	","
					","
				5
	","
					","
				0
	",21,41223,13,32289,21m 40s
JungÍe,Sep 28 2020 8:59 PM,Kai'Sa,"
											Victory									",11.00:1,"
					Ranked Solo
				",Enjayde,Agent Pinky,Toxic Card Man,JungÍe,zNamastez,Siverasp,EdithnU,beaf mode,Cyanogen275,Ihaveoppai,"
					","
				0
	","
					","
				0
	","
					","
				3
	","
					","
				0
	","
					","
				9
	","
					","
				0
	",37,47958,8,32101,21m 11s
JungÍe,Sep 24 2020 11:25 PM,Aphelios,"
											Victory									",4.63:1,"
					ARAM
				",JungÍe,Mysöphöbiá,Showtimes,Fresh Diapers,Quiêt,Master0926,namgung,Divado,The Alleviator,IM Clabe,"
					","
				0
	","
					","
				0
	","
					","
				0
	","
					","
				0
	","
					","
				4
	","
					","
				0
	",61,69703,43,65503,21m 16s
JungÍe,Sep 24 2020 10:56 PM,Irelia,"
											Defeat									",1.00:1,"
					Ranked Solo
				",JungÍe,OMG kill me pls,afrodude,No Yee Haw,xEASYx,oYNWAo,Joseph1509,DarkParn,hawaiikai,rsx757,"
					","
				0
	","
					","
				0
	","
					","
				0
	","
					","
				3
	","
					","
				1
	","
					","
				8
	",14,34137,25,42515,20m 37s
JungÍe,Sep 24 2020 9:10 PM,Irelia,"
											Victory									",Perfect,"
					Ranked Solo
				",JungÍe,formosttoast,phidawg,wishiwasfluff,shaneomac379,TorVic,Deggie4,JustASmolBoy,ContageouseTTV,checkmyadc,"
					","
				0
	","
					","
				0
	","
					","
				2
	","
					","
				1
	","
					","
				8
	","
					","
				0
	",29,45088,9,30289,21m 3s
JungÍe,Sep 24 2020 8:41 PM,Fiora,"
											Defeat									",3.00:1,"
					Ranked Solo
				",JungÍe,Doopuh,GrimBlue,Cyrus Blitz,Atlas1998,jybsmurfguy1,KorDaemul,ODumplingO,SentientPresence,Chinsin,"
					","
				0
	","
					","
				0
	","
					","
				1
	","
					","
				2
	","
					","
				1
	","
					","
				6
	",7,24374,24,37885,18m 33s
JungÍe,Sep 24 2020 4:14 PM,Graves,"
											Defeat									",2.50:1,"
					Ranked Solo
				",alpha0101,JungÍe,King Spinjamin,StageFighter64,Jepidy,Papa Of The Bush,932037569840478,JhinuinelyAweful,GG Matt,chetxroi,"
					","
				1
	","
					","
				1
	","
					","
				5
	","
					","
				0
	","
					","
				7
	","
					","
				9
	",32,71697,38,75349,38m 16s
JungÍe,Sep 23 2020 10:21 PM,Ekko,"
											Defeat									",1.22:1,"
					Flex 5:5 Rank
				","
															Level 122
													",BigMacAttack21,JungÍe,oakpanda,WhyRageHuh,Good As Yahweh,poonMonsooon,Damnit,tkyellowman,CallmePoonGodx,ggplsff15,"
					","
				0
	","
					","
				0
	","
					","
				2
	","
					","
				2
	","
					","
				1
	","
					","
				11
	",20,47463,38,60644,29m 5s
JungÍe,Sep 23 2020 7:27 PM,Graves,"
											Defeat									",3.00:1,"
					Ranked Solo
				",Holy Zurg,JungÍe,SovanoS,NTK Bubushi,Metsujin,Zoeren,KingKongXiong,Röman ,Lambadelta,Ennyaa,"
					","
				0
	","
					","
				1
	","
					","
				1
	","
					","
				4
	","
					","
				6
	","
					","
				9
	",24,59038,25,62731,34m 12s
JungÍe,Sep 22 2020 10:39 PM,Elise,"
											Defeat									",3.75:1,"
					Ranked Solo
				",iRoyalty,JungÍe,The Rocket,JFlare205,BlackNovaQ42,OPChinese,imWICKID,Fatal Carebear,jicks onetrick,Y4SO,"
					","
				1
	","
					","
				0
	","
					","
				1
	","
					","
				2
	","
					","
				3
	","
					","
				10
	",34,56575,33,54464,27m 19s
JungÍe,Sep 22 2020 10:04 PM,Graves,"
											Victory									",4.25:1,"
					Ranked Solo
				",Blue Djinn,JungÍe,onlyplayLB,ez ad,holLOw woRlD,PolarsBear,titsmcgee775,ƒemme,Nautilus or AFK,Thee Color Grey,"
					","
				1
	","
					","
				0
	","
					","
				5
	","
					","
				0
	","
					","
				11
	","
					","
				3
	",45,77332,32,63603,37m 24s
JungÍe,Sep 22 2020 7:40 PM,Sylas,"
											Defeat									",2.75:1,"
					Ranked Solo
				",CLG0330,Azrael Seraphim,JungÍe,Mánner,Shadowborn00,momomoro,23eft,DirtySouth843,BLOOD FOG,IEat45Babies,"
					","
				1
	","
					","
				0
	","
					","
				4
	","
					","
				1
	","
					","
				4
	","
					","
				7
	",35,58674,47,65469,33m 42s
JungÍe,Sep 22 2020 12:18 AM,Vayne,"
											Victory									",4.00:1,"
					Ranked Solo
				",JungÍe,A Str4nge Jungle,SUPREME DIRT,Macrinus,DasBerken,Frosty Boba,Flowity,Horny Dude,YongoXD,Merer,"
					","
				1
	","
					","
				0
	","
					","
				4
	","
					","
				0
	","
					","
				8
	","
					","
				2
	",35,56451,13,45892,30m 5s
JungÍe,Sep 21 2020 9:24 PM,Akali,"
											Defeat									",0.67:1,"
					Ranked Solo
				",ilikefapping,venividis,JungÍe,zelkova104,Anaestheticz,Chod3ousMaximuss,whyareyouhere1,zerg3rr,kilogram,Mrs Karlsson ,"
					","
				0
	","
					","
				1
	","
					","
				2
	","
					","
				3
	","
					","
				0
	","
					","
				11
	",13,41985,29,56341,28m 22s
JungÍe,Sep 21 2020 1:16 AM,Karthus,"
											Victory									",5.17:1,"
					ARAM
				",JungÍe,OhmNuu,Aerus Sanegaurd,JAMstatus,zNamastez,LagCoin,Madness Noob,Madness Eoob,Mr Nets,Miss Nets,"
					","
				0
	","
					","
				0
	","
					","
				0
	","
					","
				0
	","
					","
				3
	","
					","
				0
	",43,50758,35,46081,14m 46s
JungÍe,Sep 21 2020 12:59 AM,Veigar,"
											Defeat									",3.92:1,"
					ARAM
				",JungÍe,zNamastez,MuffintopMuff,Gaytonyxx,Illu1n,Chicken Burritos,Barlax5,Rubia tarada,wnbngl,jingjjang,"
					","
				0
	","
					","
				0
	","
					","
				0
	","
					","
				0
	","
					","
				2
	","
					","
				4
	",65,93320,64,96838,31m 16s
JungÍe,Sep 21 2020 12:24 AM,Sylas,"
											Defeat									",2.92:1,"
					ARAM
				",Lerás,oxyman123,JungÍe,zNamastez,Illu1n,PaleBlue,Ánger,AMightyTRex,NeonBlue,SilGk shen,"
					","
				0
	","
					","
				0
	","
					","
				0
	","
					","
				0
	","
					","
				3
	","
					","
				3
	",53,71118,53,74715,23m 9s
JungÍe,Sep 20 2020 11:58 PM,Caitlyn,"
											Defeat									",3.00:1,"
					Ranked Solo
				",RoosterRootss,Omega Proxy,hunterdragons,JungÍe,zNamastez,Adágium,Giraƒƒy,P373R,Iphone408,Th8ory,"
					","
				0
	","
					","
				2
	","
					","
				4
	","
					","
				1
	","
					","
				1
	","
					","
				10
	",32,62029,43,69661,37m 15s
JungÍe,Sep 20 2020 11:15 PM,LeBlanc,"
											Victory									",3.50:1,"
					ARAM
				",JoBidenSniffedMe,cjmorrow,JungÍe,zNamastez,Guhnat,luasteve,AnteSamhain,peregrine1990,D1 The ELITE,An Erect Narwhal,"
					","
				0
	","
					","
				0
	","
					","
				0
	","
					","
				0
	","
					","
				4
	","
					","
				2
	",70,106553,50,97933,34m 24s
JungÍe,Sep 20 2020 9:26 PM,Twitch,"
											Victory									",5.20:1,"
					ARAM
				",Dead Poopy,JungÍe,Zobrie,Sweeter Peter,Notyalc,Mædra,Gonjoco,shamrockoftheaby,FoolyCoolyMJ,SableSixSense,"
					","
				0
	","
					","
				0
	","
					","
				0
	","
					","
				0
	","
					","
				4
	","
					","
				1
	",46,55326,29,50702,16m 39s
JungÍe,Sep 19 2020 7:04 PM,Lillia,"
											Defeat									",1.63:1,"
					Ranked Solo
				",WardedMan0,JungÍe,Cary102,Solosis,2 Annies 1 Grail,firemik,cj912864576,Popdabomb,Mythìc,LLAMA HUNTER,"
					","
				0
	","
					","
				2
	","
					","
				1
	","
					","
				3
	","
					","
				1
	","
					","
				7
	",23,51360,38,59984,29m 47s
JungÍe,Sep 19 2020 4:31 PM,Vayne,"
											Victory									",2.00:1,"
					Ranked Solo
				",Gaviston,ikilledfittymen,yordlezz,JungÍe,Cuyler,Ignazio Polyp,TsuNakatsukasa,CringeParty,cooltonv,ívy,"
					","
				2
	","
					","
				0
	","
					","
				1
	","
					","
				4
	","
					","
				9
	","
					","
				4
	",40,66982,32,58910,32m 32s
JungÍe,Sep 15 2020 2:41 AM,Vladimir,"
											Victory									",6.17:1,"
					ARAM
				",Austin2K,JungÍe,HachimanHikigaya,zNamastez,Langara,benjibangz3,ckckckkk,oaix 09,Kanye wets,Ariescanfly,"
					","
				0
	","
					","
				0
	","
					","
				0
	","
					","
				0
	","
					","
				4
	","
					","
				1
	",51,62699,37,56623,18m 37s
JungÍe,Sep 15 2020 2:19 AM,Jinx,"
											Defeat									",3.60:1,"
					ARAM
				",Darył,JungÍe,zNamastez,233333333333333,sevenup7,Telper,ScarletBento,Tom Bardy,Megamphetamine,Zarl,"
					","
				0
	","
					","
				0
	","
					","
				0
	","
					","
				0
	","
					","
				2
	","
					","
				4
	",47,65743,56,68579,20m 56s
JungÍe,Sep 15 2020 1:54 AM,Soraka,"
											Victory									",7.00:1,"
					ARAM
				",Itachi Donoo,JungÍe,zNamastez,Manon69,Tay Tay Swizzle,HaileyGG,Tymern,Grey Zombie,ToNy2LKX,Izuku Mi Rodilla,"
					","
				0
	","
					","
				0
	","
					","
				0
	","
					","
				0
	","
					","
				4
	","
					","
				2
	",47,65923,37,61043,20m 38s
JungÍe,Sep 15 2020 1:30 AM,Ezreal,"
											Victory									",13.00:1,"
					ARAM
				",mukuzani,Rampage IV,JungÍe,Evilistic,zNamastez,Serastar,Panda Lilly,Jeukbox,MLGuGGy,Shakestar,"
					","
				0
	","
					","
				0
	","
					","
				0
	","
					","
				0
	","
					","
				2
	","
					","
				0
	",21,29994,10,25049,8m 15s
JungÍe,Sep 15 2020 12:55 AM,Ashe,"
											Victory									",5.43:1,"
					ARAM
				",ABUSEBROKENGAME,Zukahan,JungÍe,TripleTJr,zNamastez,shaPNW,Fox Wox,hot cosby,theHamubrglar,Navyv,"
					","
				0
	","
					","
				0
	","
					","
				0
	","
					","
				0
	","
					","
				4
	","
					","
				0
	",55,56977,33,50342,16m 5s
JungÍe,Sep 15 2020 12:32 AM,Kalista,"
											Victory									",6.75:1,"
					ARAM
				",ItalianOT,JungÍe,nubanub,zNamastez,fryman22,Ameleaux,Malosmys,Nautilus909,dreuchdail,Naiquil,"
					","
				0
	","
					","
				0
	","
					","
				0
	","
					","
				0
	","
					","
				4
	","
					","
				2
	",39,57728,45,55939,17m 35s
JungÍe,Sep 15 2020 12:11 AM,Fizz,"
											Victory									",4.00:1,"
					ARAM
				",GrumpyHatchet,1ntumescence,everythingbutt,JungÍe,zNamastez,yerou,bbi0bbi0,President Kitten,Neacht,Drooo,"
					","
				0
	","
					","
				0
	","
					","
				0
	","
					","
				0
	","
					","
				4
	","
					","
				0
	",46,51096,31,45184,14m 20s
JungÍe,Sep 14 2020 3:15 AM,Kindred,"
											Defeat									",2.45:1,"
					ARAM
				",JeffallamA,JungÍe,Sammyuel,Cannos,Byakuei,shins,Beheshti,OkyDokyy,kelpfriesbroo,thrustman11,"
					","
				0
	","
					","
				0
	","
					","
				0
	","
					","
				0
	","
					","
				2
	","
					","
				4
	",45,59796,55,64300,18m 58s
JungÍe,Sep 14 2020 2:52 AM,Tristana,"
											Victory									",5.17:1,"
					ARAM
				",BigPaws072,JeffallamA,JungÍe,Dhornn,SmallPaws611,OverShad0w,Dis Bítch,SleepinOwl,EGirlFootPix,Xixax,"
					","
				0
	","
					","
				0
	","
					","
				0
	","
					","
				0
	","
					","
				4
	","
					","
				1
	",48,64973,38,61492,20m 20s
JungÍe,Sep 14 2020 2:29 AM,Aphelios,"
											Victory									",6.60:1,"
					ARAM
				",Mo Fa Mao Mia,JeffallamA,JungÍe,Captain FIVE,AkumaPlayer23,Mångo,ImTro,Vope,Idaho dude,Decorations,"
					","
				0
	","
					","
				0
	","
					","
				0
	","
					","
				0
	","
					","
				4
	","
					","
				1
	",48,59511,28,55033,18m 4s
JungÍe,Sep 14 2020 2:07 AM,Maokai,"
											Defeat									",5.00:1,"
					ARAM
				",rLnXanthe,JJJJJJJJJJJJJMUA,JeffallamA,JungÍe,Kamalakaze,Rocs007,ajaxlion,ChronicSurge,Gimpy930,ACLegacy,"
					","
				0
	","
					","
				0
	","
					","
				0
	","
					","
				0
	","
					","
				2
	","
					","
				4
	",45,69114,40,70744,23m 16s
JungÍe,Sep 14 2020 1:06 AM,Vayne,"
											Victory									",4.80:1,"
					Ranked Solo
				",Thrillbot1,CoreMreeper,Murrowboy,JungÍe,zNamastez,MRImaster,Feeds4Food,barambaram,Aoikiji,Suki Suki 5 Buki,"
					","
				1
	","
					","
				0
	","
					","
				3
	","
					","
				2
	","
					","
				10
	","
					","
				1
	",34,60333,22,49666,30m 33s
JungÍe,Sep 13 2020 2:47 AM,Camille,"
											Defeat									",0.86:1,"
					Ranked Solo
				",xBladenK,Lurking Fear,Lurking Deer,JungÍe,zNamastez,Ki Song,pouloulou,Graffers,EssentialFlow,Avalkrin,"
					","
				0
	","
					","
				0
	","
					","
				0
	","
					","
				1
	","
					","
				0
	","
					","
				9
	",12,28201,30,40709,18m 29s
JungÍe,Sep 13 2020 2:23 AM,Vayne,"
											Victory									",3.43:1,"
					Ranked Solo
				",DarthGabe248,NIFUQIN,NootNut,JungÍe,zNamastez,Ultimateiron1,n00bslayer420,KepIer,emmayytee,IamWeirdandProud,"
					","
				2
	","
					","
				0
	","
					","
				3
	","
					","
				2
	","
					","
				11
	","
					","
				2
	",44,67906,24,54306,32m 38s
JungÍe,Sep 13 2020 1:14 AM,Camille,"
											Victory									",1.86:1,"
					Ranked Solo
				",Atomik59,oshaco kujo ,TimiPK,JungÍe,zNamastez,FrozenPredator,WhyTheShortFace,JaimeQQ,lolomgwtgbbq,Muttz,"
					","
				1
	","
					","
				0
	","
					","
				4
	","
					","
				0
	","
					","
				5
	","
					","
				5
	",42,58129,31,53249,28m 46s
JungÍe,Sep 12 2020 10:20 PM,Kindred,"
											Defeat									",1.75:1,"
					Ranked Solo
				",MyLilPwny,JungÍe,Damage Jungler,CUCK FORY,LegendGodtheon,TrehMERKKSSS,Frytosnumbertres,Advent Reinhardt,Lawn Beaver,FREE LÖ,"
					","
				0
	","
					","
				2
	","
					","
				0
	","
					","
				4
	","
					","
				4
	","
					","
				7
	",31,55487,49,67339,30m 37s
JungÍe,Sep 12 2020 2:58 AM,Camille,"
											Victory									",6.00:1,"
					Ranked Solo
				",Rongbin,Demit113,Alphabravo12,JungÍe,zNamastez,1x1x1x1x1,Stocking Anarchy,brodysux13,legolasnels,king tweetie,"
					","
				1
	","
					","
				0
	","
					","
				4
	","
					","
				1
	","
					","
				10
	","
					","
				5
	",49,65899,36,59338,30m 41s
JungÍe,Sep 12 2020 2:22 AM,Vayne,"
											Victory									",7.50:1,"
					Ranked Solo
				",Dagobao,vvs138,Sir Meowffington,JungÍe,zNamastez,LayinAsian,Y0URALREADYMUTED,Crimson Blaze76,Legend Brah,SoulCrafter,"
					","
				1
	","
					","
				0
	","
					","
				4
	","
					","
				1
	","
					","
				11
	","
					","
				1
	",39,65743,16,50404,34m 51s
JungÍe,Sep 12 2020 1:36 AM,Camille,"
											Victory									",3.71:1,"
					Ranked Solo
				",TheMrGarrison,Good Guy Sky,RRRRRage Quit,JungÍe,zNamastez,EBitPony,ekko abuser 420,kittyjamz,MrBigStiff,d3ath n0te,"
					","
				1
	","
					","
				0
	","
					","
				4
	","
					","
				0
	","
					","
				8
	","
					","
				3
	",47,64778,25,49248,30m 35s
JungÍe,Sep 12 2020 12:40 AM,Vayne,"
											Defeat									",0.73:1,"
					Ranked Solo
				",JungÍe,Lazerus037,Dragoin,Me Mungo,NurseCream,Cold BIank,Zoomey,BigBangShL,vivaolives,YoungProdigy94,"
					","
				0
	","
					","
				0
	","
					","
				1
	","
					","
				4
	","
					","
				0
	","
					","
				11
	",25,55962,44,65812,32m 2s
JungÍe,Sep 11 2020 2:14 AM,Ezreal,"
											Defeat									",1.57:1,"
					Ranked Solo
				",Yaomon,Zedegera,Style of Yeezy,JungÍe,zNamastez,Toody,KakaoChocolate,Buildsieica,v bros,AMANLYMANSMAN,"
					","
				0
	","
					","
				1
	","
					","
				1
	","
					","
				3
	","
					","
				2
	","
					","
				11
	",28,48728,45,60859,28m 39s
JungÍe,Sep 11 2020 1:21 AM,Camille,"
											Victory									",4.00:1,"
					Ranked Solo
				",DoggOfSnoops,Kissike,BerrySad,JungÍe,zNamastez,MeluxBoneCleaver,StridertheHunter,Grandaddy Mao,Kino q,scracynoob,"
					","
				0
	","
					","
				0
	","
					","
				1
	","
					","
				2
	","
					","
				4
	","
					","
				3
	",26,46275,17,40252,23m 38s
JungÍe,Sep 11 2020 12:51 AM,Camille,"
											Defeat									",2.00:1,"
					Ranked Solo
				",HefeGnomerSKB4,YouHaveValue,NotHefeK,JungÍe,zNamastez,Spliiting,MoioPoi,Flounderboi,Jumbeaux Gumbo,chatse,"
					","
				0
	","
					","
				0
	","
					","
				1
	","
					","
				2
	","
					","
				1
	","
					","
				4
	",11,29163,29,39923,18m 35s
JungÍe,Sep 11 2020 12:24 AM,Camille,"
											Victory									",2.67:1,"
					Ranked Solo
				",treepsy,smerf acount,sup nerd,JungÍe,zNamastez,Juma luata,IG Feige,ka12138,8 WWKD 24,wqlfiee,"
					","
				2
	","
					","
				0
	","
					","
				5
	","
					","
				0
	","
					","
				10
	","
					","
				6
	",54,74587,26,62636,36m 34s
JungÍe,Sep 10 2020 11:37 PM,Ekko,"
											Defeat									",3.33:1,"
					Ranked Solo
				",UnloaddTheToadd,JungÍe,stock boy,Travistriker911,queen of uwu,ShadowSlimeG,Narutokloa17,B4C0N4T0R69,pR Gaff,SylvanPower,"
					","
				1
	","
					","
				1
	","
					","
				0
	","
					","
				5
	","
					","
				8
	","
					","
				6
	",32,63947,39,66499,34m 54s
JungÍe,Sep 10 2020 10:55 PM,Ekko,"
											Victory									",7.67:1,"
					Ranked Solo
				",Rodrigol12,JungÍe,stock boy,Fernando1155,jg carry me,ck1993,CheifRedBeard,KingMe907,Infinite Dagger,SchmidtTerry,"
					","
				1
	","
					","
				0
	","
					","
				2
	","
					","
				3
	","
					","
				11
	","
					","
				2
	",37,66916,24,60938,36m 4s
JungÍe,Sep 10 2020 10:13 PM,Hecarim,"
											Defeat									",2.00:1,"
					Ranked Solo
				",Purecollage,JungÍe,Drakexd,stock boy,AncientCricket,Darvils,AsianGoomba,Orokamarou,nanobroken,CaptusLedo,"
					","
				1
	","
					","
				0
	","
					","
				1
	","
					","
				4
	","
					","
				5
	","
					","
				9
	",30,67686,39,73610,41m 23s
JungÍe,Sep 10 2020 1:27 AM,Senna,"
											Victory									",4.00:1,"
					ARAM
				",N0N5T0P,JungÍe,Wingman745,zNamastez,Avalon355,im sorry sarah,lm sorry richard,firefly1610,TheProdigium,Deviljho,"
					","
				0
	","
					","
				0
	","
					","
				0
	","
					","
				0
	","
					","
				4
	","
					","
				4
	",30,56414,33,55687,17m 56s
JungÍe,Sep 10 2020 1:05 AM,Ziggs,"
											Defeat									",5.50:1,"
					Ranked Solo
				",Vîsîon,DrenchedInGucci,JuulsInBathrooms,JungÍe,zNamastez,ShenMale,A7XNiinja,Azazel Sacrifice,Mecki,Mr Dynelol,"
					","
				0
	","
					","
				1
	","
					","
				3
	","
					","
				3
	","
					","
				3
	","
					","
				7
	",37,64020,43,69295,37m 11s
JungÍe,Sep 10 2020 12:23 AM,Camille,"
											Defeat									",1.40:1,"
					Ranked Solo
				",Bowler,ur all terrible,A Good Shockwave,JungÍe,zNamastez,HighCaliberGMP,Keltan0202,Negaoya,ChefMarleau,Kazroo,"
					","
				0
	","
					","
				1
	","
					","
				1
	","
					","
				4
	","
					","
				4
	","
					","
				8
	",25,54644,36,62329,31m 30s
JungÍe,Sep 9 2020 11:45 PM,Ziggs,"
											Victory									",12.00:1,"
					Ranked Solo
				",Lolita Lover 69,Paintraincomin,Corvid XIX,JungÍe,zNamastez,Killer Mich,Mrmanmonkey,ArsDerps,PyramidNoSlaves,SuperHans69,"
					","
				1
	","
					","
				0
	","
					","
				1
	","
					","
				3
	","
					","
				10
	","
					","
				0
	",36,54246,17,39037,25m 50s
JungÍe,Sep 9 2020 3:04 AM,Ziggs,"
											Defeat									",2.33:1,"
					Ranked Solo
				",Pervy Sage 1394,TheButlersBlade,Kenpachi Kuchiki,JungÍe,zNamastez,kid ur bad,HentaiFromSenpai,Pho King Lee Sin,MrLittlePeeWee,Man 0f My Lady,"
					","
				2
	","
					","
				0
	","
					","
				3
	","
					","
				5
	","
					","
				9
	","
					","
				9
	",52,93439,57,96052,50m 0s
JungÍe,Sep 9 2020 1:48 AM,Kayn,"
											Defeat									",3.29:1,"
					Ranked Solo
				",Breadsticksuhhhh,JungÍe,Wanumeatidu,CCArmyZero,zNamastez,llengy,CyberLife RK800,Esum Ting Wong,Rivęnge,egirlenjoyer 69,"
					","
				0
	","
					","
				1
	","
					","
				3
	","
					","
				2
	","
					","
				2
	","
					","
				11
	",36,59583,38,66721,31m 9s
JungÍe,Sep 9 2020 1:07 AM,Camille,"
											Victory									",3.22:1,"
					Ranked Solo
				",ChickenNugg3t,ScaLpa,Henrı,JungÍe,zNamastez,demonhunter75,PK Ale,TheMightyBert,ZDH,Ivëe,"
					","
				3
	","
					","
				0
	","
					","
				5
	","
					","
				2
	","
					","
				11
	","
					","
				8
	",53,93390,46,81460,44m 23s
JungÍe,Sep 8 2020 11:34 PM,Kayn,"
											Victory									",5.00:1,"
					Ranked Solo
				",SupportiveCarrot,JungÍe,gannicusxx,Vanidar,Wytehound,YEP broculus,Wanneikpars,im HAM,Madcatmk02,siggistea,"
					","
				0
	","
					","
				0
	","
					","
				1
	","
					","
				1
	","
					","
				9
	","
					","
				0
	",26,47165,7,34892,25m 7s
JungÍe,Sep 8 2020 11:02 PM,Shyvana,"
											Defeat									",2.67:1,"
					Ranked Solo
				",BM Unshackled,JungÍe,Võx,MTG Maestro,DaddyJarJarbinks,Iwasawa,Grunade,Meyu,Lingmorgru,Skeleton Jack,"
					","
				0
	","
					","
				0
	","
					","
				0
	","
					","
				4
	","
					","
				2
	","
					","
				8
	",18,42847,32,54110,27m 57s
JungÍe,Sep 8 2020 9:37 PM,Jarvan IV,"
											Victory									",4.50:1,"
					Ranked Solo
				",Entropy1994,JungÍe,GIgaDonger,CommanderTrojan,Do Not Give Up,Golden Koi,IHaveHugeBallz,AscendentOne,IIxSTOLIDxII,Alpha39,"
					","
				0
	","
					","
				0
	","
					","
				2
	","
					","
				0
	","
					","
				3
	","
					","
				0
	",17,32489,5,25462,17m 28s
JungÍe,Sep 8 2020 9:12 PM,Jarvan IV,"
											Remake									",0.00:1,"
					Ranked Solo
				",Centieller,JungÍe,New Info,Sad Things,TeamSoLow,TheRealMetal,ORIENT DRAGON,Sujit,Maps Of Meaning,Mastrobait,3m 15s
JungÍe,Sep 8 2020 2:11 AM,Camille,"
											Defeat									",2.14:1,"
					Ranked Solo
				",Bong Rip Brb,jigglynips123,Candydemon,JungÍe,zNamastez,High and Horny,BigFatFob,itsMrZliced,Jisatsu,FalseFruitDV,"
					","
				0
	","
					","
				0
	","
					","
				1
	","
					","
				3
	","
					","
				3
	","
					","
				9
	",35,48592,41,54860,25m 20s
JungÍe,Sep 8 2020 1:39 AM,Caitlyn,"
											Victory									",4.25:1,"
					Ranked Solo
				",ufovu,NewOutLook,IAmKiri,JungÍe,zNamastez,Crumzzy,StuckInTheSystem,RonJoon,eGnJulian,Smartjin266,"
					","
				1
	","
					","
				0
	","
					","
				3
	","
					","
				1
	","
					","
				7
	","
					","
				5
	",27,54182,24,49112,28m 58s
JungÍe,Sep 8 2020 1:03 AM,Camille,"
											Victory									",5.25:1,"
					Ranked Solo
				",NAXOSH,BussaNutt,Blessedbum,JungÍe,zNamastez,UrF0kingTrashFam,goodyhi,InternalProblems,Ciri Cintra,Bunny Smoog,"
					","
				0
	","
					","
				0
	","
					","
				3
	","
					","
				1
	","
					","
				11
	","
					","
				3
	",44,59554,29,46406,26m 16s
JungÍe,Sep 8 2020 12:33 AM,Twitch,"
											Defeat									",1.67:1,"
					Ranked Solo
				",chewiee,amargamus21,Youtubering,JungÍe,zNamastez,Window Lickers,Lowding Screen,Roll1ng Panda,Daddy Dravenn,greenranger111,"
					","
				0
	","
					","
				1
	","
					","
				1
	","
					","
				3
	","
					","
				4
	","
					","
				8
	",33,47110,29,55037,27m 15s
JungÍe,Sep 7 2020 11:56 PM,Camille,"
											Victory									",4.00:1,"
					Ranked Solo
				",ocreative1,Nanikato,CrrazayeeDiamond,JungÍe,zNamastez,bonkzss,ytzLPoppy,rNroll,jow3y,limabeean,"
					","
				1
	","
					","
				0
	","
					","
				4
	","
					","
				2
	","
					","
				11
	","
					","
				4
	",45,72260,31,61625,36m 38s
JungÍe,Sep 7 2020 11:14 PM,Camille,"
											Victory									",17.00:1,"
					Ranked Solo
				",MyNameIsZack,TofuIsTofus,VTTVCK,JungÍe,zNamastez,Spatieron,Rosehunters,GobbiBoom,oreobbforever,ô Øþ ô,"
					","
				1
	","
					","
				0
	","
					","
				5
	","
					","
				0
	","
					","
				11
	","
					","
				0
	",32,60995,22,47977,30m 19s
JungÍe,Sep 7 2020 3:01 AM,Jarvan IV,"
											Defeat									",3.33:1,"
					Ranked Solo
				",Simon Says Feed,FangSss,Soca Hashira,JungÍe,zNamastez,XERATHdalongDlCK,Silvoss,dooptysquid,Nachó,Mishaila,"
					","
				0
	","
					","
				1
	","
					","
				2
	","
					","
				4
	","
					","
				5
	","
					","
				8
	",23,56900,31,63858,35m 40s
JungÍe,Sep 7 2020 2:19 AM,Jarvan IV,"
											Defeat									",4.43:1,"
					Ranked Solo
				",Lantern Corps420,Pickled Pepper,Mohamed khalif,JungÍe,zNamastez,Iggy2789,Jankeeloldude,TTV AshFace,BlingBlingYou,BlingBlingMe,"
					","
				0
	","
					","
				2
	","
					","
				3
	","
					","
				3
	","
					","
				7
	","
					","
				9
	",42,69694,37,71444,36m 35s
JungÍe,Sep 7 2020 1:34 AM,Jarvan IV,"
											Victory									",4.00:1,"
					Ranked Solo
				",JungÍe,Skurpie,Quetzington,Face The Crit,zNamastez,klexator,kvwqzdwzf,YOU ASSHOLE,ImNotManJuice,applejuice34,"
					","
				0
	","
					","
				0
	","
					","
				2
	","
					","
				0
	","
					","
				6
	","
					","
				1
	",13,26927,7,20107,13m 58s
JungÍe,Sep 7 2020 12:51 AM,Ziggs,"
											Defeat									",2.75:1,"
					Ranked Solo
				",Flaccid Penguin,Yung Abhi,Camshotgg,JungÍe,zNamastez,Bêes,Bodybuilder5,vBhLPolly,Baptized N Lean,CpyButtermilk56,"
					","
				0
	","
					","
				0
	","
					","
				2
	","
					","
				2
	","
					","
				2
	","
					","
				6
	",14,42784,30,49978,26m 31s
JungÍe,Sep 7 2020 12:17 AM,Ziggs,"
											Victory									",6.67:1,"
					Ranked Solo
				",kendy2,DaddySwagg8,Tick Ducker,JungÍe,zNamastez,xKingCruzx,Trey ChatBan,SchtickyFingas,greywill,syeunn,"
					","
				0
	","
					","
				1
	","
					","
				1
	","
					","
				3
	","
					","
				10
	","
					","
				1
	",43,57423,19,48269,29m 8s
JungÍe,Sep 6 2020 11:42 PM,Ziggs,"
											Defeat									",2.00:1,"
					Ranked Solo
				",Park Sanghoon,BigBrownBear95,PencilStub,JungÍe,zNamastez,Boozumaki,The Wrecker00,aweso12,Cookai,lo5errr,"
					","
				1
	","
					","
				1
	","
					","
				1
	","
					","
				4
	","
					","
				3
	","
					","
				8
	",31,60414,46,65120,32m 51s
JungÍe,Sep 6 2020 11:04 PM,Caitlyn,"
											Defeat									",1.83:1,"
					Ranked Solo
				",jiushilang233,ThèDèsèrtFox,Taylor Twift,JungÍe,zNamastez,UOLO,iShadex,MJG,Eimy,Ulfhethnar,"
					","
				0
	","
					","
				1
	","
					","
				0
	","
					","
				5
	","
					","
				2
	","
					","
				11
	",20,51676,41,67621,33m 10s
JungÍe,Sep 6 2020 10:25 PM,Ziggs,"
											Victory									",5.00:1,"
					Ranked Solo
				",Hyakimaruu,DeathxDealing,xaololcogihay,JungÍe,zNamastez,yoyofire33,CC95,MagicalNaCl,D3athCapForCuti3,Luna Lov3bad,"
					","
				0
	","
					","
				0
	","
					","
				3
	","
					","
				0
	","
					","
				7
	","
					","
				0
	",40,52805,26,45262,26m 51s
JungÍe,Sep 6 2020 9:53 PM,Ziggs,"
											Victory									",7.00:1,"
					Ranked Solo
				",HighlandSuperZ,Cads,B1ack Caf XIII,JungÍe,zNamastez,mac chine,BigDaddyGrumpZ,SuperFungai,0029,MeMorized,"
					","
				0
	","
					","
				0
	","
					","
				3
	","
					","
				0
	","
					","
				7
	","
					","
				0
	",28,42269,10,31437,21m 6s
JungÍe,Sep 6 2020 5:51 PM,Ziggs,"
											Victory									",8.00:1,"
					Ranked Solo
				",dedcax,BigBoyTW,ShinjaVang,JungÍe,zNamastez,RoSeLimE,BlackishShadow1,SeansSmurf,66pown66,Blueninjahorse,"
					","
				1
	","
					","
				0
	","
					","
				5
	","
					","
				0
	","
					","
				5
	","
					","
				4
	",35,58987,26,52240,31m 19s
JungÍe,Sep 6 2020 5:15 PM,Ziggs,"
											Victory									",3.67:1,"
					Ranked Solo
				",deadlyrep,TwoManyPeaches,JungÍe,TwoManyBananas,zNamastez,LordAntarctica,uXwPoppy,Darkdrago721,onlysuperstition,CarryMePls13,"
					","
				0
	","
					","
				0
	","
					","
				2
	","
					","
				1
	","
					","
				8
	","
					","
				0
	",32,43875,15,30520,19m 14s
JungÍe,Sep 6 2020 4:50 PM,Irelia,"
											Defeat									",1.82:1,"
					Ranked Solo
				",JungÍe,harutbam,SSSEK3,Chief Duck,zNamastez,kikardinal,ZoMbIeSpAwN96,iwanttocommitdie,IonicCraze,GeminiBIOS,"
					","
				2
	","
					","
				0
	","
					","
				2
	","
					","
				4
	","
					","
				2
	","
					","
				11
	",38,73966,47,75552,38m 7s
JungÍe,Sep 6 2020 2:31 PM,Ekko,"
											Defeat									",3.17:1,"
					Ranked Solo
				",0neKillOK,JungÍe,Sinqq,Squeeze My Pig,zNamastez,DustWolf19,C0PYxCAT,ProtectHerSmile,davk,Damionn,"
					","
				1
	","
					","
				1
	","
					","
				1
	","
					","
				4
	","
					","
				3
	","
					","
				8
	",31,61973,41,70585,36m 2s
JungÍe,Sep 6 2020 2:46 AM,Zac,"
											Victory									",4.00:1,"
					ARAM
				",daleskii,JungÍe,Vexing Villain,zNamastez,Jivemonkey,Guillain,superglue123,Houbin,PlanetZoidberg,800lbs Tuna,"
					","
				0
	","
					","
				0
	","
					","
				0
	","
					","
				0
	","
					","
				4
	","
					","
				2
	",57,91368,49,89130,30m 19s
JungÍe,Sep 6 2020 2:13 AM,Yuumi,"
											Victory									",Perfect,"
					One for All
				",JungÍe,TT Chopper,Sai Will Not Die,zNamastez,SomeLink,SIMPLORDxX,Pilot Snoopy,THEGREATOFCHINA,PolarPandaBear,DrazielX,"
					","
				0
	","
					","
				0
	","
					","
				1
	","
					","
				0
	","
					","
				7
	","
					","
				3
	",23,41283,8,32049,14m 48s
JungÍe,Sep 6 2020 1:50 AM,Lucian,"
											Defeat									",1.00:1,"
					Ranked Solo
				",Snipenya,DiViNExFroZen,Asian Perswasian,JungÍe,zNamastez,ZhongwenLi,praec,sewerhobo,Dpsandheals,MGDLJ,"
					","
				0
	","
					","
				1
	","
					","
				2
	","
					","
				2
	","
					","
				4
	","
					","
				10
	",30,52515,42,60538,29m 2s
JungÍe,Sep 6 2020 1:12 AM,Caitlyn,"
											Victory									",2.57:1,"
					Ranked Solo
				",Seohan123,MonteCristo33,moosemillie,JungÍe,zNamastez,TheShy Invictus,Globus,Golden Laner ,Buhui KaiSa,100 Sciplex,"
					","
				0
	","
					","
				1
	","
					","
				4
	","
					","
				1
	","
					","
				10
	","
					","
				0
	",39,62353,28,54718,32m 19s
JungÍe,Sep 6 2020 12:19 AM,Sett,"
											Victory									",2.80:1,"
					One for All
				",Sean Omalley,JungÍe,money is only,Best TnT,Anthony Hopkins,Mrstealyoqurl,Sypie,Jagadar,Butter,Razbuton,"
					","
				0
	","
					","
				0
	","
					","
				1
	","
					","
				0
	","
					","
				11
	","
					","
				1
	",25,49409,20,38678,14m 40s
JungÍe,Sep 5 2020 11:54 PM,Ekko,"
											Victory									",16.00:1,"
					Ranked Solo
				",BlueGear,JungÍe,Hatrisko,ToxicBlondie,Merrymen13,thinko,Rogue Atlas,Mastercoon,CrustySalev,Yactaa,"
					","
				0
	","
					","
				0
	","
					","
				2
	","
					","
				0
	","
					","
				7
	","
					","
				0
	",36,43045,12,32083,20m 53s
JungÍe,Sep 5 2020 11:23 PM,Elise,"
											Victory									",20.00:1,"
					Ranked Solo
				",ElIieeIliE,JungÍe,Uncle Roger O,Hatrisko,Brucifer,Cass Nasty,AChainedSword,D3NSITY,1overboy88,sYeIConrad,"
					","
				0
	","
					","
				0
	","
					","
				2
	","
					","
				0
	","
					","
				3
	","
					","
				3
	",38,41761,17,33644,20m 14s
JungÍe,Sep 5 2020 10:38 PM,Ekko,"
											Victory									",4.75:1,"
					Ranked Solo
				",Fist of Fury,JungÍe,MarshallyXfKiB,Dantes Wolf,HookTHATboi,gorila224,Elijawho,k3rfuffle,lolman72010,punáni tsunami,"
					","
				0
	","
					","
				1
	","
					","
				1
	","
					","
				3
	","
					","
				11
	","
					","
				0
	",29,56607,23,53042,32m 11s
JungÍe,Sep 5 2020 9:55 PM,Ekko,"
											Victory									",8.33:1,"
					Ranked Solo
				",okuZ,JungÍe,MarshallyXfKiB,Iwan2Fuq,lostlegionnaire,kenopara,Riot GerardWeeb,Ryzr,yaaa,Hái,"
					","
				0
	","
					","
				0
	","
					","
				3
	","
					","
				0
	","
					","
				9
	","
					","
				1
	",44,62337,31,48924,29m 57s
JungÍe,Sep 5 2020 9:20 PM,Ekko,"
											Victory									",23.00:1,"
					Ranked Solo
				",OS in NA ,JungÍe,MarshallyXfKiB,Gnarmageddonn,iMissQs247,vG URFR4L,Zoediac,Sedrazo,The Last Pot,MelonAfro,"
					","
				0
	","
					","
				0
	","
					","
				1
	","
					","
				1
	","
					","
				10
	","
					","
				0
	",45,53677,18,37707,24m 17s
JungÍe,Sep 5 2020 8:20 PM,Master Yi,"
											Defeat									",2.08:1,"
					ARAM
				",Sranang Messi,GswagMoney69,JungÍe,Ilovetopramen,KappaSigmaMan,Corn Chips,Peeing,Soul Reaper7899,Kittehxx,NotBaek,"
					","
				0
	","
					","
				0
	","
					","
				0
	","
					","
				0
	","
					","
				2
	","
					","
				4
	",38,54220,57,58746,16m 55s
JungÍe,Sep 3 2020 3:09 AM,Elise,"
											Defeat									",3.00:1,"
					Ranked Solo
				",mccalester,JungÍe,MarshallyXfKiB,SilorianVEVO,AUHamer,Lalohr,tfo,hFrDonald,KiIIaCam,Lapland,"
					","
				0
	","
					","
				1
	","
					","
				4
	","
					","
				1
	","
					","
				8
	","
					","
				7
	",38,63072,33,66460,34m 1s
JungÍe,Sep 3 2020 2:27 AM,Ekko,"
											Victory									",7.00:1,"
					Ranked Solo
				",nDemored,JungÍe,MarshallyXfKiB,Velue,Austin0nfire,oRdDHugh,EZ JG DIF,J4sonk1ller,Aspen7,Cyphwing,"
					","
				0
	","
					","
				0
	","
					","
				2
	","
					","
				0
	","
					","
				6
	","
					","
				0
	",15,38068,6,28028,20m 44s
JungÍe,Sep 2 2020 4:30 PM,Ezreal,"
											Defeat									",1.60:1,"
					ARAM
				",BigPig52,SpicyColonizer,JeffallamA,JustTC,JungÍe,Takamoari,Sandvich Hunter,Chubbi3Chicken,Namina,AsianxPersuazion,"
					","
				0
	","
					","
				0
	","
					","
				0
	","
					","
				0
	","
					","
				1
	","
					","
				4
	",36,57068,48,61195,18m 53s
